source_did,target_did
did:plc:lse7quaysss2d3xxm76mouhd,did:plc:hkcem5tysz26q2dyqhvztp7a
did:plc:lse7quaysss2d3xxm76mouhd,did:plc:uyemf6niinxjzirk7pbzzt3j
did:plc:lse7quaysss2d3xxm76mouhd,did:plc:qhjc3yvww236tqhjjjinrfhy
did:plc:lse7quaysss2d3xxm76mouhd,did:plc:lm33urnwwowxnja6vjwqc4u7
did:plc:lse7quaysss2d3xxm76mouhd,did:plc:fftccsn7drw2jsrrwepkptgw
did:plc:lse7quaysss2d3xxm76mouhd,did:plc:qtjpurf5fsptp3dhi52kksl6
did:plc:lse7quaysss2d3xxm76mouhd,did:plc:yc7qtx2guh22ieh3fmwe3yhj
did:plc:lse7quaysss2d3xxm76mouhd,did:plc:yteysv5adlllg4e3xek3e3uk
did:plc:lse7quaysss2d3xxm76mouhd,did:plc:grwzs2cdy3vhhevhiudii7iy
did:plc:lse7quaysss2d3xxm76mouhd,did:plc:tzy4hibtkautrntsz5f3ns37
did:plc:lse7quaysss2d3xxm76mouhd,did:plc:nvusj322segb3rvo4qm7b3gs
did:plc:lse7quaysss2d3xxm76mouhd,did:plc:6qdpxlntht3eiaeub26s3pkc
did:plc:lse7quaysss2d3xxm76mouhd,did:plc:l3u4cbuztzs3ip2ales7qfvu
did:plc:lse7quaysss2d3xxm76mouhd,did:plc:4pxxswmxelihfligwqyz3fqu
did:plc:lse7quaysss2d3xxm76mouhd,did:plc:nmzxccryq7jev6jxb2venwfb
did:plc:lse7quaysss2d3xxm76mouhd,did:plc:ny5w2k6brb2kdubxnevke6li
did:plc:lse7quaysss2d3xxm76mouhd,did:plc:rs2nmueszvdmfgggvtz6hyu4
did:plc:lse7quaysss2d3xxm76mouhd,did:plc:mlmouohgzbjofidukcp4pxf2
did:plc:lse7quaysss2d3xxm76mouhd,did:plc:4d3itn7jlp5a5x3bavpyormu
did:plc:lse7quaysss2d3xxm76mouhd,did:plc:o5zw65xslthoutzcd73nrerx
did:plc:lse7quaysss2d3xxm76mouhd,did:plc:7m4nyyvs5kgrwa6rkaa6nxyj
did:plc:lse7quaysss2d3xxm76mouhd,did:plc:uxvxorfwsfm7puqekczuyc5c
did:plc:lse7quaysss2d3xxm76mouhd,did:plc:lqyqnb653b75pxmpvhbe2lwn
did:plc:lse7quaysss2d3xxm76mouhd,did:plc:nsoddxud3lvsp4yqedde3vaf
did:plc:lse7quaysss2d3xxm76mouhd,did:plc:em6yxobajemmzd6ntvyrlsz2
did:plc:lse7quaysss2d3xxm76mouhd,did:plc:qfebzdrfrpfwipshbykm7vgr
did:plc:lse7quaysss2d3xxm76mouhd,did:plc:vpszre33mu6zxh4jpd7ojdcv
did:plc:lse7quaysss2d3xxm76mouhd,did:plc:u3vfkommlkz66dy6icbyt4lb
did:plc:lse7quaysss2d3xxm76mouhd,did:plc:wwcpcdncaet26yzgicwirr4u
did:plc:lse7quaysss2d3xxm76mouhd,did:plc:zjei2em3vjzv6xoosp7qeob3
did:plc:lse7quaysss2d3xxm76mouhd,did:plc:itaulpgdtkjrxho2y7q5geh7
did:plc:lse7quaysss2d3xxm76mouhd,did:plc:erfdomqnsys3dcaweevtclxl
did:plc:lse7quaysss2d3xxm76mouhd,did:plc:3z4ctzvnje6wpg2stjgudgpn
did:plc:lse7quaysss2d3xxm76mouhd,did:plc:peyxuqa3dngdqufcrkretbjf
did:plc:lse7quaysss2d3xxm76mouhd,did:plc:qls7wfeu3anvk74p2hywc462
did:plc:lse7quaysss2d3xxm76mouhd,did:plc:awb53yhfco464fm6qz4a32zi
did:plc:lse7quaysss2d3xxm76mouhd,did:plc:s3iffb3ykjn7cas6g7es5b64
did:plc:lse7quaysss2d3xxm76mouhd,did:plc:cvmmvawq5z2qxfhtu3umrx3f
did:plc:lse7quaysss2d3xxm76mouhd,did:plc:kjl5vdlkv32ujm4qjcul5bqx
did:plc:lse7quaysss2d3xxm76mouhd,did:plc:xxud55cvylh3ndcskpp3nmzy
did:plc:lse7quaysss2d3xxm76mouhd,did:plc:s7xw6pqvc72ha73bogjqp4m3
did:plc:lse7quaysss2d3xxm76mouhd,did:plc:egwwkmzgex23fkmwdeq3x4kx
did:plc:lse7quaysss2d3xxm76mouhd,did:plc:mrzkurwfkul52ofdvpp7esgf
did:plc:lse7quaysss2d3xxm76mouhd,did:plc:xnhikac3aonuoeg6amhwrutx
did:plc:lse7quaysss2d3xxm76mouhd,did:plc:wni5evwy3iaagb4gmkossaz7
did:plc:lse7quaysss2d3xxm76mouhd,did:plc:72jpccg3u3vbohc67rqrplei
did:plc:lse7quaysss2d3xxm76mouhd,did:plc:faxvaqx4xnabwhxea5qqij4b
did:plc:lse7quaysss2d3xxm76mouhd,did:plc:2aumdq7odforvxlyxucofbov
did:plc:lse7quaysss2d3xxm76mouhd,did:plc:k3bynly7ikhpx43zkf5h2iue
did:plc:lse7quaysss2d3xxm76mouhd,did:plc:t5ghc7dukfzr5rn27545laoy
did:plc:lse7quaysss2d3xxm76mouhd,did:plc:mzmtoehujifw6wpzlz3hdpni
did:plc:lse7quaysss2d3xxm76mouhd,did:plc:m7bpdr773upmutkmymddgubh
did:plc:lse7quaysss2d3xxm76mouhd,did:plc:2k77kngw6l3q27pitvz7lh2b
did:plc:lse7quaysss2d3xxm76mouhd,did:plc:yxexfe2umamyzl2b3yayyjno
did:plc:lse7quaysss2d3xxm76mouhd,did:plc:2vqljiyxl7yj5lpnfv3tlrji
did:plc:lse7quaysss2d3xxm76mouhd,did:plc:ufug6zr72izga2zdpa5npkwr
did:plc:lse7quaysss2d3xxm76mouhd,did:plc:u2be7jjioqpsjmsgkxwptu6u
did:plc:lse7quaysss2d3xxm76mouhd,did:plc:kfdf3ncmu3ekd3yrorivypai
did:plc:lse7quaysss2d3xxm76mouhd,did:plc:aurmefxl2s4lglfindwdlpy5
did:plc:lse7quaysss2d3xxm76mouhd,did:plc:3irc4fnufmvcg2xkauqrdvzs
did:plc:lse7quaysss2d3xxm76mouhd,did:plc:pdsugnvw75fqairsqvsy5qyt
did:plc:lse7quaysss2d3xxm76mouhd,did:plc:he6nr7x5p4ngu6rbzdtetlxf
did:plc:lse7quaysss2d3xxm76mouhd,did:plc:a5ccvsrrh4x3ozftvuxw4axj
did:plc:lse7quaysss2d3xxm76mouhd,did:plc:qvice365gf57wvcsi3lahxpf
did:plc:lse7quaysss2d3xxm76mouhd,did:plc:xb6gqhi7rheoz6grykngvljt
did:plc:lse7quaysss2d3xxm76mouhd,did:plc:zydadhzbctpayxadj6jdzerz
did:plc:lse7quaysss2d3xxm76mouhd,did:plc:3szguslgssqxfywgfehnkhtj
did:plc:lse7quaysss2d3xxm76mouhd,did:plc:4ps2uq5zp6cph5f3ew4gnbcj
did:plc:lse7quaysss2d3xxm76mouhd,did:plc:kqbkypm5xnyepfp6pstolwia
did:plc:lse7quaysss2d3xxm76mouhd,did:plc:nsleqcwfgkzynyqmkcahcvu2
did:plc:lse7quaysss2d3xxm76mouhd,did:plc:45qsgqhrcburrp5npniuhjsv
did:plc:lse7quaysss2d3xxm76mouhd,did:plc:ks3gpa6ftoyaq7hmf6c4qx4c
did:plc:lse7quaysss2d3xxm76mouhd,did:plc:5wk5wsvdpxr3b4sncfgf2app
did:plc:lse7quaysss2d3xxm76mouhd,did:plc:ukmgyfeujzpee4dmzslmho23
did:plc:lse7quaysss2d3xxm76mouhd,did:plc:waeh2azqfmi6xk2wwst3olso
did:plc:lse7quaysss2d3xxm76mouhd,did:plc:ic6zqvuw5ulmfpjiwnhsr2ns
did:plc:lse7quaysss2d3xxm76mouhd,did:plc:jtzxnbwxwbywld23yvnyokzf
did:plc:lse7quaysss2d3xxm76mouhd,did:plc:oqfvroo3jazra6t6qad6joi4
did:plc:lse7quaysss2d3xxm76mouhd,did:plc:jqagnoo2ijf75flohmoqbrq4
did:plc:lse7quaysss2d3xxm76mouhd,did:plc:x2fnm4bvnct3qlcoa7nawr36
did:plc:lse7quaysss2d3xxm76mouhd,did:plc:yjkhy7ldw56uypnzrssgxlrd
did:plc:lse7quaysss2d3xxm76mouhd,did:plc:iwn7bf6wmpnn6vy5yttd6sjp
did:plc:lse7quaysss2d3xxm76mouhd,did:plc:qigftpfjt2mrkq23skrcuedw
did:plc:lse7quaysss2d3xxm76mouhd,did:plc:yap7duimgame76ri3uip4vao
did:plc:lse7quaysss2d3xxm76mouhd,did:plc:7nr5pcdbterco5fvvulqn53e
did:plc:lse7quaysss2d3xxm76mouhd,did:plc:6zcjb6gz4dg3mvjlxhzdlbaa
did:plc:lse7quaysss2d3xxm76mouhd,did:plc:pht7gkcz3hktlw5fjytadp62
did:plc:lse7quaysss2d3xxm76mouhd,did:plc:px7u7zsgeayb5xuqrabl6sej
did:plc:lse7quaysss2d3xxm76mouhd,did:plc:nsv6rm2tspxl36mzni6pymay
did:plc:lse7quaysss2d3xxm76mouhd,did:plc:tv7chfchb5in5whhjnzmecsf
did:plc:lse7quaysss2d3xxm76mouhd,did:plc:2gborli47ty3x4fny7xknnkk
did:plc:lse7quaysss2d3xxm76mouhd,did:plc:5k34ebwxtpl2rsqp4yauau7g
did:plc:lse7quaysss2d3xxm76mouhd,did:plc:nvfposmpmhegtyvhbs75s3pw
did:plc:lse7quaysss2d3xxm76mouhd,did:plc:hgxlot4tjdp6xivfqwqqe5x7
did:plc:lse7quaysss2d3xxm76mouhd,did:plc:7v7gmbew24c4tr433ugc5g4a
did:plc:lse7quaysss2d3xxm76mouhd,did:plc:m6zq4i53ewbzeozb7oi57vsd
did:plc:lse7quaysss2d3xxm76mouhd,did:plc:jicxvqh63i7yut5ntewurarm
did:plc:lse7quaysss2d3xxm76mouhd,did:plc:oznuchemvstvczkrzxpbtnat
did:plc:lse7quaysss2d3xxm76mouhd,did:plc:7jyg4n5nnipzzy2zhn4jesrf
did:plc:lse7quaysss2d3xxm76mouhd,did:plc:tv4cotvq2q2qxso4qlh7qf6j
did:plc:hkcem5tysz26q2dyqhvztp7a,did:plc:lse7quaysss2d3xxm76mouhd
did:plc:hkcem5tysz26q2dyqhvztp7a,did:plc:5k34ebwxtpl2rsqp4yauau7g
did:plc:hkcem5tysz26q2dyqhvztp7a,did:plc:tzy4hibtkautrntsz5f3ns37
did:plc:uyemf6niinxjzirk7pbzzt3j,did:plc:fftccsn7drw2jsrrwepkptgw
did:plc:qhjc3yvww236tqhjjjinrfhy,did:plc:m6zq4i53ewbzeozb7oi57vsd
did:plc:qhjc3yvww236tqhjjjinrfhy,did:plc:lse7quaysss2d3xxm76mouhd
did:plc:fftccsn7drw2jsrrwepkptgw,did:plc:awb53yhfco464fm6qz4a32zi
did:plc:yteysv5adlllg4e3xek3e3uk,did:plc:ks3gpa6ftoyaq7hmf6c4qx4c
did:plc:grwzs2cdy3vhhevhiudii7iy,did:plc:ks3gpa6ftoyaq7hmf6c4qx4c
did:plc:nvusj322segb3rvo4qm7b3gs,did:plc:lse7quaysss2d3xxm76mouhd
did:plc:nvusj322segb3rvo4qm7b3gs,did:plc:2gborli47ty3x4fny7xknnkk
did:plc:nvusj322segb3rvo4qm7b3gs,did:plc:kjl5vdlkv32ujm4qjcul5bqx
did:plc:6qdpxlntht3eiaeub26s3pkc,did:plc:k3bynly7ikhpx43zkf5h2iue
did:plc:6qdpxlntht3eiaeub26s3pkc,did:plc:lse7quaysss2d3xxm76mouhd
did:plc:l3u4cbuztzs3ip2ales7qfvu,did:plc:7nr5pcdbterco5fvvulqn53e
did:plc:nmzxccryq7jev6jxb2venwfb,did:plc:yjkhy7ldw56uypnzrssgxlrd
did:plc:nmzxccryq7jev6jxb2venwfb,did:plc:lse7quaysss2d3xxm76mouhd
did:plc:nmzxccryq7jev6jxb2venwfb,did:plc:2gborli47ty3x4fny7xknnkk
did:plc:nmzxccryq7jev6jxb2venwfb,did:plc:kjl5vdlkv32ujm4qjcul5bqx
did:plc:ny5w2k6brb2kdubxnevke6li,did:plc:ks3gpa6ftoyaq7hmf6c4qx4c
did:plc:ny5w2k6brb2kdubxnevke6li,did:plc:nvfposmpmhegtyvhbs75s3pw
did:plc:ny5w2k6brb2kdubxnevke6li,did:plc:mlmouohgzbjofidukcp4pxf2
did:plc:ny5w2k6brb2kdubxnevke6li,did:plc:qigftpfjt2mrkq23skrcuedw
did:plc:mlmouohgzbjofidukcp4pxf2,did:plc:mrzkurwfkul52ofdvpp7esgf
did:plc:o5zw65xslthoutzcd73nrerx,did:plc:he6nr7x5p4ngu6rbzdtetlxf
did:plc:uxvxorfwsfm7puqekczuyc5c,did:plc:3szguslgssqxfywgfehnkhtj
did:plc:uxvxorfwsfm7puqekczuyc5c,did:plc:ks3gpa6ftoyaq7hmf6c4qx4c
did:plc:uxvxorfwsfm7puqekczuyc5c,did:plc:hgxlot4tjdp6xivfqwqqe5x7
did:plc:uxvxorfwsfm7puqekczuyc5c,did:plc:uyemf6niinxjzirk7pbzzt3j
did:plc:uxvxorfwsfm7puqekczuyc5c,did:plc:7jyg4n5nnipzzy2zhn4jesrf
did:plc:uxvxorfwsfm7puqekczuyc5c,did:plc:nvfposmpmhegtyvhbs75s3pw
did:plc:uxvxorfwsfm7puqekczuyc5c,did:plc:lse7quaysss2d3xxm76mouhd
did:plc:lqyqnb653b75pxmpvhbe2lwn,did:plc:lse7quaysss2d3xxm76mouhd
did:plc:nsoddxud3lvsp4yqedde3vaf,did:plc:m6zq4i53ewbzeozb7oi57vsd
did:plc:nsoddxud3lvsp4yqedde3vaf,did:plc:lse7quaysss2d3xxm76mouhd
did:plc:qfebzdrfrpfwipshbykm7vgr,did:plc:yjkhy7ldw56uypnzrssgxlrd
did:plc:qfebzdrfrpfwipshbykm7vgr,did:plc:lse7quaysss2d3xxm76mouhd
did:plc:vpszre33mu6zxh4jpd7ojdcv,did:plc:7m4nyyvs5kgrwa6rkaa6nxyj
did:plc:wwcpcdncaet26yzgicwirr4u,did:plc:lse7quaysss2d3xxm76mouhd
did:plc:wwcpcdncaet26yzgicwirr4u,did:plc:egwwkmzgex23fkmwdeq3x4kx
did:plc:itaulpgdtkjrxho2y7q5geh7,did:plc:jqagnoo2ijf75flohmoqbrq4
did:plc:erfdomqnsys3dcaweevtclxl,did:plc:lse7quaysss2d3xxm76mouhd
did:plc:erfdomqnsys3dcaweevtclxl,did:plc:nvfposmpmhegtyvhbs75s3pw
did:plc:3z4ctzvnje6wpg2stjgudgpn,did:plc:lse7quaysss2d3xxm76mouhd
did:plc:peyxuqa3dngdqufcrkretbjf,did:plc:lse7quaysss2d3xxm76mouhd
did:plc:awb53yhfco464fm6qz4a32zi,did:plc:fftccsn7drw2jsrrwepkptgw
did:plc:awb53yhfco464fm6qz4a32zi,did:plc:nvfposmpmhegtyvhbs75s3pw
did:plc:awb53yhfco464fm6qz4a32zi,did:plc:peyxuqa3dngdqufcrkretbjf
did:plc:awb53yhfco464fm6qz4a32zi,did:plc:aurmefxl2s4lglfindwdlpy5
did:plc:s3iffb3ykjn7cas6g7es5b64,did:plc:x2fnm4bvnct3qlcoa7nawr36
did:plc:kjl5vdlkv32ujm4qjcul5bqx,did:plc:lse7quaysss2d3xxm76mouhd
did:plc:kjl5vdlkv32ujm4qjcul5bqx,did:plc:2gborli47ty3x4fny7xknnkk
did:plc:s7xw6pqvc72ha73bogjqp4m3,did:plc:s7xw6pqvc72ha73bogjqp4m3
did:plc:mrzkurwfkul52ofdvpp7esgf,did:plc:nvfposmpmhegtyvhbs75s3pw
did:plc:mzmtoehujifw6wpzlz3hdpni,did:plc:2k77kngw6l3q27pitvz7lh2b
did:plc:2vqljiyxl7yj5lpnfv3tlrji,did:plc:lse7quaysss2d3xxm76mouhd
did:plc:aurmefxl2s4lglfindwdlpy5,did:plc:fftccsn7drw2jsrrwepkptgw
did:plc:aurmefxl2s4lglfindwdlpy5,did:plc:jtzxnbwxwbywld23yvnyokzf
did:plc:he6nr7x5p4ngu6rbzdtetlxf,did:plc:lse7quaysss2d3xxm76mouhd
did:plc:a5ccvsrrh4x3ozftvuxw4axj,did:plc:zjei2em3vjzv6xoosp7qeob3
did:plc:xb6gqhi7rheoz6grykngvljt,did:plc:nvfposmpmhegtyvhbs75s3pw
did:plc:xb6gqhi7rheoz6grykngvljt,did:plc:qtjpurf5fsptp3dhi52kksl6
did:plc:zydadhzbctpayxadj6jdzerz,did:plc:ks3gpa6ftoyaq7hmf6c4qx4c
did:plc:3szguslgssqxfywgfehnkhtj,did:plc:zydadhzbctpayxadj6jdzerz
did:plc:kqbkypm5xnyepfp6pstolwia,did:plc:m6zq4i53ewbzeozb7oi57vsd
did:plc:kqbkypm5xnyepfp6pstolwia,did:plc:lse7quaysss2d3xxm76mouhd
did:plc:45qsgqhrcburrp5npniuhjsv,did:plc:ks3gpa6ftoyaq7hmf6c4qx4c
did:plc:ks3gpa6ftoyaq7hmf6c4qx4c,did:plc:qigftpfjt2mrkq23skrcuedw
did:plc:ks3gpa6ftoyaq7hmf6c4qx4c,did:plc:mlmouohgzbjofidukcp4pxf2
did:plc:ks3gpa6ftoyaq7hmf6c4qx4c,did:plc:7jyg4n5nnipzzy2zhn4jesrf
did:plc:5wk5wsvdpxr3b4sncfgf2app,did:plc:kfdf3ncmu3ekd3yrorivypai
did:plc:ukmgyfeujzpee4dmzslmho23,did:plc:lse7quaysss2d3xxm76mouhd
did:plc:ukmgyfeujzpee4dmzslmho23,did:plc:faxvaqx4xnabwhxea5qqij4b
did:plc:ic6zqvuw5ulmfpjiwnhsr2ns,did:plc:72jpccg3u3vbohc67rqrplei
did:plc:oqfvroo3jazra6t6qad6joi4,did:plc:yap7duimgame76ri3uip4vao
did:plc:oqfvroo3jazra6t6qad6joi4,did:plc:nvfposmpmhegtyvhbs75s3pw
did:plc:oqfvroo3jazra6t6qad6joi4,did:plc:ks3gpa6ftoyaq7hmf6c4qx4c
did:plc:jqagnoo2ijf75flohmoqbrq4,did:plc:nsv6rm2tspxl36mzni6pymay
did:plc:jqagnoo2ijf75flohmoqbrq4,did:plc:nvusj322segb3rvo4qm7b3gs
did:plc:x2fnm4bvnct3qlcoa7nawr36,did:plc:s3iffb3ykjn7cas6g7es5b64
did:plc:x2fnm4bvnct3qlcoa7nawr36,did:plc:lm33urnwwowxnja6vjwqc4u7
did:plc:qigftpfjt2mrkq23skrcuedw,did:plc:7jyg4n5nnipzzy2zhn4jesrf
did:plc:yap7duimgame76ri3uip4vao,did:plc:nvfposmpmhegtyvhbs75s3pw
did:plc:7nr5pcdbterco5fvvulqn53e,did:plc:2aumdq7odforvxlyxucofbov
did:plc:7nr5pcdbterco5fvvulqn53e,did:plc:ks3gpa6ftoyaq7hmf6c4qx4c
did:plc:pht7gkcz3hktlw5fjytadp62,did:plc:egwwkmzgex23fkmwdeq3x4kx
did:plc:pht7gkcz3hktlw5fjytadp62,did:plc:kqbkypm5xnyepfp6pstolwia
did:plc:pht7gkcz3hktlw5fjytadp62,did:plc:s7xw6pqvc72ha73bogjqp4m3
did:plc:pht7gkcz3hktlw5fjytadp62,did:plc:m6zq4i53ewbzeozb7oi57vsd
did:plc:pht7gkcz3hktlw5fjytadp62,did:plc:lse7quaysss2d3xxm76mouhd
did:plc:nsv6rm2tspxl36mzni6pymay,did:plc:jqagnoo2ijf75flohmoqbrq4
did:plc:nsv6rm2tspxl36mzni6pymay,did:plc:lse7quaysss2d3xxm76mouhd
did:plc:nvfposmpmhegtyvhbs75s3pw,did:plc:7jyg4n5nnipzzy2zhn4jesrf
did:plc:hgxlot4tjdp6xivfqwqqe5x7,did:plc:3szguslgssqxfywgfehnkhtj
did:plc:7v7gmbew24c4tr433ugc5g4a,did:plc:lse7quaysss2d3xxm76mouhd
did:plc:m6zq4i53ewbzeozb7oi57vsd,did:plc:pht7gkcz3hktlw5fjytadp62
did:plc:m6zq4i53ewbzeozb7oi57vsd,did:plc:lse7quaysss2d3xxm76mouhd
did:plc:jicxvqh63i7yut5ntewurarm,did:plc:nvusj322segb3rvo4qm7b3gs
did:plc:jicxvqh63i7yut5ntewurarm,did:plc:nvfposmpmhegtyvhbs75s3pw
did:plc:jicxvqh63i7yut5ntewurarm,did:plc:7m4nyyvs5kgrwa6rkaa6nxyj
did:plc:jicxvqh63i7yut5ntewurarm,did:plc:jtzxnbwxwbywld23yvnyokzf
